{"cameraMode":{"drawMode":0,"name":"Shaded","section":"Shading Mode"},"sceneLighting":true,"audioPlay":false,"sceneViewState":{"showFog":true,"showMaterialUpdate":false,"showSkybox":true,"showFlares":true,"showImageEffects":true,"showParticleSystems":true},"in2DMode":false,"pivot":{"x":0.9116607308387756,"y":0.33435747027397158,"z":-2.279849052429199},"rotation":{"x":0.012310805730521679,"y":-0.008096291683614254,"z":0.00009953766857506707,"w":0.999891459941864},"size":9.649667739868164,"orthographic":false}