{"cameraMode":{"drawMode":0,"name":"Shaded","section":"Shading Mode"},"sceneLighting":true,"audioPlay":false,"sceneViewState":{"showFog":true,"showMaterialUpdate":false,"showSkybox":true,"showFlares":true,"showImageEffects":true,"showParticleSystems":true},"in2DMode":false,"pivot":{"x":-0.9147062301635742,"y":-1.0065045356750489,"z":-0.2792419195175171},"rotation":{"x":0.08688868582248688,"y":-0.005977265536785126,"z":0.0005213358090259135,"w":0.9961999654769898},"size":10.098523139953614,"orthographic":true}